<PAMDataset>
  <Metadata domain="IMAGE_STRUCTURE">
    <MDI key="INTERLEAVE">PIXEL</MDI>
  </Metadata>
  <Metadata domain="xml:gml.root-instance" format="xml">
    <gml:FeatureCollection xmlns:gml="http://www.opengis.net/gml" xmlns:xsi="http://www.w3.org/2001/XMLSchema-instance" xsi:schemaLocation="http://www.opengis.net/gml http://schemas.opengis.net/gml/3.1.1/profiles/gmlJP2Profile/1.0.0/gmlJP2Profile.xsd">
      <gml:boundedBy>
        <gml:Envelope srsName="urn:ogc:def:crs:EPSG::4326">
          <gml:lowerCorner>13.2849980414942 -88.5524457959363</gml:lowerCorner>
          <gml:upperCorner>13.3496767419508 -88.4945044601105</gml:upperCorner>
        </gml:Envelope>
      </gml:boundedBy>
      <gml:featureMember>
        <gml:FeatureCollection>
          <gml:featureMember>
            <gml:RectifiedGridCoverage dimension="2" gml:id="RGC0001">
              <gml:rectifiedGridDomain>
                <gml:RectifiedGrid dimension="2">
                  <gml:limits>
                    <gml:GridEnvelope>
                      <gml:low>0 0</gml:low>
                      <gml:high>214 239</gml:high>
                    </gml:GridEnvelope>
                  </gml:limits>
                  <gml:axisName>x</gml:axisName>
                  <gml:axisName>y</gml:axisName>
                  <gml:origin>
                    <gml:Point gml:id="P0001" srsName="urn:ogc:def:crs:EPSG::4326">
                      <gml:pos>13.3495419946582 -88.5523110486436</gml:pos>
                    </gml:Point>
                  </gml:origin>
                  <gml:offsetVector srsName="urn:ogc:def:crs:EPSG::4326">0 0.000269494585235827</gml:offsetVector>
                  <gml:offsetVector srsName="urn:ogc:def:crs:EPSG::4326">-0.000269494585235826 0</gml:offsetVector>
                </gml:RectifiedGrid>
              </gml:rectifiedGridDomain>
              <gml:rangeSet>
                <gml:File>
                  <gml:rangeParameters />
                  <gml:fileName>gmljp2://codestream/0</gml:fileName>
                  <gml:fileStructure>Record Interleaved</gml:fileStructure>
                </gml:File>
              </gml:rangeSet>
            </gml:RectifiedGridCoverage>
          </gml:featureMember>
        </gml:FeatureCollection>
      </gml:featureMember>
    </gml:FeatureCollection>
  </Metadata>
  <Metadata>
    <MDI key="DataType">Generic</MDI>
  </Metadata>
  <PAMRasterBand band="1">
    <NoDataValue>0.00000000000000E+00</NoDataValue>
    <ColorInterp>Gray</ColorInterp>
    <Metadata domain="IMAGE_STRUCTURE">
      <MDI key="COMPRESSION">JPEG2000</MDI>
    </Metadata>
    <Metadata>
      <MDI key="RepresentationType">ATHEMATIC</MDI>
    </Metadata>
  </PAMRasterBand>
  <PAMRasterBand band="2">
    <NoDataValue>0.00000000000000E+00</NoDataValue>
    <Metadata domain="IMAGE_STRUCTURE">
      <MDI key="COMPRESSION">JPEG2000</MDI>
    </Metadata>
    <Metadata>
      <MDI key="RepresentationType">ATHEMATIC</MDI>
    </Metadata>
  </PAMRasterBand>
  <PAMRasterBand band="3">
    <NoDataValue>0.00000000000000E+00</NoDataValue>
    <Metadata domain="IMAGE_STRUCTURE">
      <MDI key="COMPRESSION">JPEG2000</MDI>
    </Metadata>
    <Metadata>
      <MDI key="RepresentationType">ATHEMATIC</MDI>
    </Metadata>
  </PAMRasterBand>
  <PAMRasterBand band="4">
    <NoDataValue>0.00000000000000E+00</NoDataValue>
    <Metadata domain="IMAGE_STRUCTURE">
      <MDI key="COMPRESSION">JPEG2000</MDI>
    </Metadata>
    <Metadata>
      <MDI key="RepresentationType">ATHEMATIC</MDI>
    </Metadata>
  </PAMRasterBand>
  <PAMRasterBand band="5">
    <NoDataValue>0.00000000000000E+00</NoDataValue>
    <Metadata domain="IMAGE_STRUCTURE">
      <MDI key="COMPRESSION">JPEG2000</MDI>
    </Metadata>
    <Metadata>
      <MDI key="RepresentationType">ATHEMATIC</MDI>
    </Metadata>
  </PAMRasterBand>
  <PAMRasterBand band="6">
    <NoDataValue>0.00000000000000E+00</NoDataValue>
    <Metadata domain="IMAGE_STRUCTURE">
      <MDI key="COMPRESSION">JPEG2000</MDI>
    </Metadata>
    <Metadata>
      <MDI key="RepresentationType">ATHEMATIC</MDI>
    </Metadata>
  </PAMRasterBand>
</PAMDataset>
